Region,total_sales
West,10189.278000000002
Central,7939.634199999999
East,6327.328000000001
South,4153.699500000001
