City,total_sales
"Los Angeles",4595.464000000001
Philadelphia,3476.748
Houston,2065.1392
Richardson,1288.4640000000002
Gilbert,1280.992
