Category,total_sales
Furniture,13811.011700000003
"Office Supplies",8322.774
Technology,6476.1539999999995
